{
  "best_auc": 0.7656972307049595,
  "fold_aucs": [
    0.77928384242081,
    0.7684079180789064,
    0.7595911274764595,
    0.7579815112009329,
    0.764241313395106
  ],
  "params": {
    "n_layers": 4,
    "hidden_base": 320,
    "shrink": 0.6666031869068446,
    "dropout": 0.19497216112086357,
    "lr": 0.0013482409221405526,
    "weight_decay": 1.1756010900231857e-05,
    "batch_size": 512
  }
}