{
  "best_auc": 0.768331882380977,
  "fold_aucs": [
    0.7804629956705912,
    0.7685894291972835,
    0.7623561137424151,
    0.7623131277851104,
    0.7696773504692571
  ],
  "params": {
    "use_te": true,
    "use_summary": true,
    "use_raw": true,
    "n_layers": 3,
    "hidden_base": 256,
    "shrink": 0.8212081026195875,
    "dropout": 0.400484176222794,
    "lr": 0.0014692944373311206,
    "weight_decay": 0.001847088696674732,
    "batch_size": 512
  }
}